fname,label
1438042986615.83__CC-MAIN-20150728002306-00215-ip-10-236-191-2.ec2.internal__1920.csv,1
1438042988051.33__CC-MAIN-20150728002308-00259-ip-10-236-191-2.ec2.internal__541.csv,0
1438042985647.51__CC-MAIN-20150728002305-00301-ip-10-236-191-2.ec2.internal__2228.csv,1
1438042992201.62__CC-MAIN-20150728002312-00325-ip-10-236-191-2.ec2.internal__2074.csv,1
1438043062635.98__CC-MAIN-20150728002422-00266-ip-10-236-191-2.ec2.internal__1392.csv,0
1438042982745.46__CC-MAIN-20150728002302-00016-ip-10-236-191-2.ec2.internal__1808.csv,1
1438042987866.61__CC-MAIN-20150728002307-00252-ip-10-236-191-2.ec2.internal__1295.csv,0
1438042988317.67__CC-MAIN-20150728002308-00033-ip-10-236-191-2.ec2.internal__2355.csv,0
1438042986806.32__CC-MAIN-20150728002306-00144-ip-10-236-191-2.ec2.internal__2323.csv,1
1438042989042.37__CC-MAIN-20150728002309-00186-ip-10-236-191-2.ec2.internal__1347.csv,1
1438042988650.6__CC-MAIN-20150728002308-00014-ip-10-236-191-2.ec2.internal__1639.csv,1
1438043058631.99__CC-MAIN-20150728002418-00261-ip-10-236-191-2.ec2.internal__2006.csv,0
1438042990217.27__CC-MAIN-20150728002310-00111-ip-10-236-191-2.ec2.internal__2531.csv,0
1438042990112.92__CC-MAIN-20150728002310-00030-ip-10-236-191-2.ec2.internal__954.csv,0
1438042990112.92__CC-MAIN-20150728002310-00240-ip-10-236-191-2.ec2.internal__1247.csv,0
1438042986625.58__CC-MAIN-20150728002306-00088-ip-10-236-191-2.ec2.internal__1667.csv,1
1438042987127.36__CC-MAIN-20150728002307-00141-ip-10-236-191-2.ec2.internal__156.csv,0
1438042987127.36__CC-MAIN-20150728002307-00082-ip-10-236-191-2.ec2.internal__699.csv,0
1438042989234.2__CC-MAIN-20150728002309-00315-ip-10-236-191-2.ec2.internal__200.csv,0
1438042989826.86__CC-MAIN-20150728002309-00290-ip-10-236-191-2.ec2.internal__2139.csv,0
1438042988458.74__CC-MAIN-20150728002308-00212-ip-10-236-191-2.ec2.internal__1724.csv,0
1438042981753.21__CC-MAIN-20150728002301-00065-ip-10-236-191-2.ec2.internal__1980.csv,1
1438042987135.9__CC-MAIN-20150728002307-00136-ip-10-236-191-2.ec2.internal__1977.csv,1
1438042981856.5__CC-MAIN-20150728002301-00062-ip-10-236-191-2.ec2.internal__1831.csv,0
1438042988840.31__CC-MAIN-20150728002308-00005-ip-10-236-191-2.ec2.internal__505.csv,1
1438042988860.88__CC-MAIN-20150728002308-00239-ip-10-236-191-2.ec2.internal__2107.csv,0
1438042989042.37__CC-MAIN-20150728002309-00074-ip-10-236-191-2.ec2.internal__2439.csv,0
1438042986806.32__CC-MAIN-20150728002306-00001-ip-10-236-191-2.ec2.internal__2555.csv,1
1438042987628.47__CC-MAIN-20150728002307-00145-ip-10-236-191-2.ec2.internal__1041.csv,0
1438042990217.27__CC-MAIN-20150728002310-00130-ip-10-236-191-2.ec2.internal__376.csv,0
1438042986451.45__CC-MAIN-20150728002306-00067-ip-10-236-191-2.ec2.internal__128.csv,0
1438042988250.59__CC-MAIN-20150728002308-00009-ip-10-236-191-2.ec2.internal__1805.csv,1
1438042987228.91__CC-MAIN-20150728002307-00306-ip-10-236-191-2.ec2.internal__1005.csv,1
1438042988317.67__CC-MAIN-20150728002308-00292-ip-10-236-191-2.ec2.internal__440.csv,0
1438042987775.70__CC-MAIN-20150728002307-00015-ip-10-236-191-2.ec2.internal__437.csv,0
1438043058631.99__CC-MAIN-20150728002418-00198-ip-10-236-191-2.ec2.internal__364.csv,1
1438042988458.74__CC-MAIN-20150728002308-00210-ip-10-236-191-2.ec2.internal__1149.csv,0
1438042981969.11__CC-MAIN-20150728002301-00262-ip-10-236-191-2.ec2.internal__561.csv,0
1438042986615.83__CC-MAIN-20150728002306-00051-ip-10-236-191-2.ec2.internal__1024.csv,0
1438042989826.86__CC-MAIN-20150728002309-00046-ip-10-236-191-2.ec2.internal__1968.csv,0
1438042988650.6__CC-MAIN-20150728002308-00242-ip-10-236-191-2.ec2.internal__2650.csv,0
1438042988860.4__CC-MAIN-20150728002308-00197-ip-10-236-191-2.ec2.internal__2236.csv,0
1438042987034.19__CC-MAIN-20150728002307-00101-ip-10-236-191-2.ec2.internal__2095.csv,0
1438042990123.20__CC-MAIN-20150728002310-00105-ip-10-236-191-2.ec2.internal__2621.csv,1
1438042985647.51__CC-MAIN-20150728002305-00284-ip-10-236-191-2.ec2.internal__595.csv,1
1438042988458.74__CC-MAIN-20150728002308-00054-ip-10-236-191-2.ec2.internal__1130.csv,1
1438042981460.12__CC-MAIN-20150728002301-00003-ip-10-236-191-2.ec2.internal__1387.csv,1
1438042989234.2__CC-MAIN-20150728002309-00094-ip-10-236-191-2.ec2.internal__1457.csv,1
1438042989018.40__CC-MAIN-20150728002309-00178-ip-10-236-191-2.ec2.internal__1420.csv,0
1438042989331.34__CC-MAIN-20150728002309-00098-ip-10-236-191-2.ec2.internal__350.csv,0
1438043062635.98__CC-MAIN-20150728002422-00203-ip-10-236-191-2.ec2.internal__1734.csv,0
1438042988065.26__CC-MAIN-20150728002308-00150-ip-10-236-191-2.ec2.internal__5.csv,1
1438042988924.75__CC-MAIN-20150728002308-00339-ip-10-236-191-2.ec2.internal__1863.csv,1
1438042987552.57__CC-MAIN-20150728002307-00259-ip-10-236-191-2.ec2.internal__2423.csv,0
1438042989507.42__CC-MAIN-20150728002309-00199-ip-10-236-191-2.ec2.internal__2601.csv,0
1438042988065.26__CC-MAIN-20150728002308-00173-ip-10-236-191-2.ec2.internal__453.csv,1
1438042992543.60__CC-MAIN-20150728002312-00069-ip-10-236-191-2.ec2.internal__122.csv,1
1438042986806.32__CC-MAIN-20150728002306-00163-ip-10-236-191-2.ec2.internal__55.csv,1
1438043062635.98__CC-MAIN-20150728002422-00195-ip-10-236-191-2.ec2.internal__742.csv,0
1438042981460.12__CC-MAIN-20150728002301-00202-ip-10-236-191-2.ec2.internal__2064.csv,0
1438042988250.59__CC-MAIN-20150728002308-00107-ip-10-236-191-2.ec2.internal__437.csv,1
1438042981856.5__CC-MAIN-20150728002301-00298-ip-10-236-191-2.ec2.internal__592.csv,1
1438042991951.97__CC-MAIN-20150728002311-00194-ip-10-236-191-2.ec2.internal__2381.csv,1
1438042989178.64__CC-MAIN-20150728002309-00150-ip-10-236-191-2.ec2.internal__362.csv,1
1438042990217.27__CC-MAIN-20150728002310-00064-ip-10-236-191-2.ec2.internal__1370.csv,1
1438042990611.52__CC-MAIN-20150728002310-00056-ip-10-236-191-2.ec2.internal__99.csv,1
1438042989142.82__CC-MAIN-20150728002309-00157-ip-10-236-191-2.ec2.internal__2503.csv,0
1438042987228.91__CC-MAIN-20150728002307-00122-ip-10-236-191-2.ec2.internal__88.csv,0
1438042989443.69__CC-MAIN-20150728002309-00071-ip-10-236-191-2.ec2.internal__118.csv,1
1438042982013.25__CC-MAIN-20150728002302-00077-ip-10-236-191-2.ec2.internal__948.csv,1
1438042989826.86__CC-MAIN-20150728002309-00216-ip-10-236-191-2.ec2.internal__1575.csv,0
1438042987228.91__CC-MAIN-20150728002307-00145-ip-10-236-191-2.ec2.internal__2203.csv,0
1438042990900.28__CC-MAIN-20150728002310-00240-ip-10-236-191-2.ec2.internal__208.csv,0
1438042982013.25__CC-MAIN-20150728002302-00176-ip-10-236-191-2.ec2.internal__190.csv,1
1438042989510.73__CC-MAIN-20150728002309-00063-ip-10-236-191-2.ec2.internal__1159.csv,1
1438042987402.78__CC-MAIN-20150728002307-00143-ip-10-236-191-2.ec2.internal__1993.csv,0
1438042988399.65__CC-MAIN-20150728002308-00127-ip-10-236-191-2.ec2.internal__1207.csv,0
1438042988718.8__CC-MAIN-20150728002308-00326-ip-10-236-191-2.ec2.internal__2105.csv,1
1438042990900.28__CC-MAIN-20150728002310-00251-ip-10-236-191-2.ec2.internal__2279.csv,0
1438042987402.78__CC-MAIN-20150728002307-00158-ip-10-236-191-2.ec2.internal__2328.csv,1
1438042987628.47__CC-MAIN-20150728002307-00125-ip-10-236-191-2.ec2.internal__980.csv,1
1438042989018.40__CC-MAIN-20150728002309-00010-ip-10-236-191-2.ec2.internal__262.csv,1
1438042988061.16__CC-MAIN-20150728002308-00120-ip-10-236-191-2.ec2.internal__883.csv,0
1438042990611.52__CC-MAIN-20150728002310-00290-ip-10-236-191-2.ec2.internal__1287.csv,1
1438042988310.3__CC-MAIN-20150728002308-00262-ip-10-236-191-2.ec2.internal__552.csv,0
1438042987174.71__CC-MAIN-20150728002307-00023-ip-10-236-191-2.ec2.internal__314.csv,0
1438043058631.99__CC-MAIN-20150728002418-00126-ip-10-236-191-2.ec2.internal__1329.csv,0
1438042988650.6__CC-MAIN-20150728002308-00168-ip-10-236-191-2.ec2.internal__2261.csv,0
1438042988051.33__CC-MAIN-20150728002308-00141-ip-10-236-191-2.ec2.internal__1313.csv,1
1438042991019.80__CC-MAIN-20150728002311-00109-ip-10-236-191-2.ec2.internal__710.csv,0
1438042988317.67__CC-MAIN-20150728002308-00236-ip-10-236-191-2.ec2.internal__1749.csv,1
1438042988051.33__CC-MAIN-20150728002308-00270-ip-10-236-191-2.ec2.internal__770.csv,0
1438042988840.31__CC-MAIN-20150728002308-00151-ip-10-236-191-2.ec2.internal__2267.csv,1
1438042982502.13__CC-MAIN-20150728002302-00057-ip-10-236-191-2.ec2.internal__1774.csv,1
1438042989018.40__CC-MAIN-20150728002309-00123-ip-10-236-191-2.ec2.internal__2275.csv,0
1438042988924.75__CC-MAIN-20150728002308-00052-ip-10-236-191-2.ec2.internal__2363.csv,0
1438042985647.51__CC-MAIN-20150728002305-00318-ip-10-236-191-2.ec2.internal__105.csv,0
1438042989043.35__CC-MAIN-20150728002309-00313-ip-10-236-191-2.ec2.internal__1538.csv,0
1438042981460.12__CC-MAIN-20150728002301-00130-ip-10-236-191-2.ec2.internal__1176.csv,1
1438042989891.18__CC-MAIN-20150728002309-00110-ip-10-236-191-2.ec2.internal__1467.csv,0
